Autorita (základná);Datovanie (interval);Datovanie (popis);Dátum zasadania komisie;Integrita (názov celku);Integrita (počet diel);Integrita (poradové číslo);Inventárne číslo;Katalogizované;Komisia;Kurátor;Materiál;Miery;Nadobudnuté;Názov (preferovaný);Názov (všetky);Organizácia;PID;Poznámka;Prírastkové číslo;Spôsob nadobudnutia;Stupeň pôvodnosti;Stupeň spracovania;Technika;Vlastník;Výtvarný druh;Značenie;Žáner
Bogdan, Jakub;1706 - 1710;18. storočie, 1. polovica, 1710 okolo;3.12.1949;;;;O 2;1.1.1982;6. NK;Chmelinová, Katarína;plátno;"výška 112.0 cm; šírka 125.0 cm";3.12.1949;Zápas kohútov;Zápas kohútov | The Cockrel's Fight  (Preklad názvu);SNG;SVK:SNG.O_2;"POZN: Cena uvedená v starej mene.

LIT:
111 diel zo zbierok. Slovenská národná galéria. Bratislava : SNG, Vyd. Slovart, 2008. 277 s. ISBN 9788080856014(viaz.), 108-109.";2;kúpa;originál;DEF;olej;Slovenská národná galéria, SNG;maliarstvo;vpravo v obraze na kameni: J.Bogdan;animálny motív
Bogdan, Jakub;1706 - 1710;18. storočie, 1. polovica, 1710 okolo;3.12.1949;;;;O 3;1.1.1982;6. NK;Chmelinová, Katarína;plátno;"výška 103.5 cm; šírka 126.0 cm";3.12.1949;Mačka medzi kohútmi;Mačka medzi kohútmi | Cat between Cockrels  (Preklad názvu);SNG;SVK:SNG.O_3;"POZN: Cena uvedená v starej mene.

LIT: 
111 diel zo zbierok. Slovenská národná galéria. Bratislava : SNG, Vyd. Slovart, 2008. 277 s. ISBN 9788080856014(viaz.), 108-109.";2;kúpa;originál;DEF;olej;Slovenská národná galéria, SNG;maliarstvo;vľavo dole: J.Bogdan;animálny motív
Kupecký, Ján - pravdepodobne;1710 - 1715;18. storočie, 1. polovica, cca 1712;;;;;O 310;1.1.1983;;Chmelinová, Katarína;plátno;"výška 85.9 cm; šírka 69.3 cm";1.1.1950;Podobizeň blahobytného mešťana (Johann Melchior Dinglinger ?);Podobizeň blahobytného mešťana (Johann Melchior Dinglinger ?) | Portrait of Affluent Citizen (Johann Melchior Dinglinger) (Preklad názvu);SNG;SVK:SNG.O_310;"POZN:  nereštaurované, len 213 ošetrené
maľba na pôvodnom plátne i podráme";10;prevod;originál;DEF;olej;Slovenská národná galéria, SNG;maliarstvo, obraz závesný;neznačené;portrét
Neznámy spišský maliar;1490 - 1510;15.-16. storočie, prelom, 1500 okolo;;Oltár sv. Anny v Spišskej Novej Vsi;;;O 314;;;Buran, Dušan;drevo;"výška 58.7 cm; šírka 174.0 cm";1.1.1950;Predela Oltára sv. Anny zo Spišskej Novej Vsi;"Predela Oltára sv. Anny zo Spišskej Novej Vsi | Imago Pietatis (Man of Sorrows) between Madonna in Sorrow, Saint John the Baptist, Saint Wolfgang and Saint Boniface (Preklad názvu); Imago pietatis (Bolestný Kristus) medzi Bolestnou Pannou Máriou, Svätým Jánom Evangelistom, Svätým Wolfgangom a Svätým Bonifácom (Predchádzajúci názov)";SNG;SVK:SNG.O_314;"LIT:
Glatz 1983, 118-119.";10/362;prevod;originál;DEF;tempera;Slovenská národná galéria, SNG;maliarstvo, maľba tabuľová;neznačené;náboženský motív
Neznámy maliar;1510 - 1530;16. storočie, 1. polovica, 1520 okolo;;;;;O 385;1.1.1978;;Buran, Dušan;drevo, lipové;"výška 215.3 cm; šírka 134.8 cm";1.1.1951;Epitaf (?) Imricha Czobora zo Skalice;"Epitaf (?) Imricha Czobora zo Skalice | Votive Painting (epitaph of Imrich -?- Czobor I.) with Madonna on  (Preklad názvu); Votívna tabuľa (epitaf Imricha -?- Czobora I.) s Madonou na polmesiaci (Predchádzajúci názov)";SNG;SVK:SNG.O_385;"LIT.:
Glatz 1983, 144-146
Ročenka SNG 2001, 43-55 (I. Gerát)
Nestex 2014, 58 (D. Buran)";46;prevod;originál;DEF;"tempera; polychrómia; zlátenie";Slovenská národná galéria, SNG;maliarstvo, maľba tabuľová;neznačené;figurálna kompozícia
Majster oplakávania z Tvrdošína;1450 - 1470;15. storočie, 2. polovica, 1460 okolo;;pôvodne súčasť oltára /oltárne krídlo/;;;O 548/a,b;;;Buran, Dušan;"drevo, topoľové; fólia, strieborná";"výška 120.5 cm; šírka 47.5 cm; výška 108.5 cm; šírka 36.0 cm";1.1.1952;Svätý Pavol a svätý Ondrej;Svätý Pavol a svätý Ondrej | Bolestná Panna Mária-rub;SNG;SVK:SNG.O_548-a-b;"POZN:
Stredná časť triptychu z Tvrdošína - Oplakávanie - sa dnes nachádza v zbierke Magyar Nemzeti Galéria Budapest (inv. č. 55.918).
LIT:
GLATZ 1983, 63-64.
DSVU - Gotika 2003, 704-705 (M. Bartlová).
";171/1336;prevod;originál;DEF;"tempera; puncovanie";Slovenská národná galéria, SNG;maliarstvo, maľba tabuľová;neznačené;náboženský motív
Wagenschön, Franz Xaver - pravdepodobne;1760 - 1770;18. storočie, 2. polovica, 1760-1770;1.1.1955;;;;O 893;1.1.1983;18. NK;Chmelinová, Katarína;plátno;"výška 62.5 cm; šírka 39.7 cm";1.1.1955;Narodenie;"Narodenie | Narodenie Pána (Predchádzajúci názov); The Birth (Preklad názvu)";SNG;SVK:SNG.O_893;POZN: ;621;kúpa;originál;DEF;olej;Slovenská národná galéria, SNG;maliarstvo;neznačené;náboženský motív
Rottmayr, Johann Michael - pravdepodobne;1720;18. storočie, 1. polovica, pred 1720;;;;;O 1236;1.1.1982;;Chmelinová, Katarína;plátno;"výška 94.0 cm; šírka 86.0 cm";1.1.1957;Triumf lásky;"Triumf lásky | Cesta proroka Eliáša; Mytologický výjav (Predchádzajúci názov); The Triumph of Love  (Preklad názvu)";SNG;SVK:SNG.O_1236;"POZN:
Skica k nástropnej maľbe
Proveniencia: Jasov, premonštrátsky kláštor, návrh na nástropnú maľbu nad schodiskom kláštora. Maľba nebola realizovaná.
Alegória kráľovnej Alžbety Kristíny ako Bellony. Výzdoba leopoldovského traktu v Hofburgu. 

LIT:
111 diel zo zbierok. Slovenská národná galéria. Bratislava : SNG, Vyd. Slovart, 2008. 277 s. ISBN 9788080856014(viaz.), 112-113.


pôvodne datované po r. 1762";1109;prevod;originál;skica;olej;Slovenská národná galéria, SNG;maliarstvo, obraz závesný;neznačené;figurálna kompozícia
Schrött, Erazmus;1780 - 1800;18. storočie, 2. polovica, 1770-1800;17.9.1958;;;;O 1492;1.1.1982;33. NK;Chmelinová, Katarína;plátno;"výška 189.0 cm; šírka 39.2 cm";17.9.1958;Zvestovanie pastierom;"Zvestovanie pastierom | Klaňanie pastierov- rešt. protokol (Preklad názvu); Annunciation to the Shepherds (Preklad názvu)";SNG;SVK:SNG.O_1492;POZN: cena za 2 diela -O 1492 a O 1493, ;1473;kúpa;originál;DEF;olej;Slovenská národná galéria, SNG;maliarstvo;neznačené;figurálna kompozícia
Schrött, Erazmus;1780 - 1800;18. storočie, 2. polovica, 1770-1800;17.9.1958;;;;O 1493;1.1.1982;33. NK;Chmelinová, Katarína;plátno;"výška 189.0 cm; šírka 39.2 cm";17.9.1958;Obrezanie Ježiška v chráme;"Obrezanie Ježiška v chráme | Obriezka (Predchádzajúci názov); Sacrifice in the Temple (Circumcision) (Preklad názvu); Obetovanie v chráme (Predchádzajúci názov)";SNG;SVK:SNG.O_1493;POZN: cena za 2 diela -O 1492,O 1493, ;1473;kúpa;originál;DEF;olej;Slovenská národná galéria, SNG;maliarstvo;neznačené;figurálna kompozícia
Kracker, Johann Lucas;1762;18. storočie, 2. polovica, 1760-1770;;štúdie k obrazu hlavného oltára v Jasove;;;O 1498;1.1.1982;;Chmelinová, Katarína;plátno;"výška 87.5 cm; šírka 53.5 cm";3.10.1957;Krst Krista;"Krst Krista | Baptism of Christ  (Preklad názvu); Krst Krista v Jordáne (Predchádzajúci názov)";SNG;SVK:SNG.O_1498;"POZN: Skica k obrazu hlavného oltára kláštorného kostola premonštrátov v Jasove

LIT: 
111 diel zo zbierok. Slovenská národná galéria. Bratislava : SNG, Vyd. Slovart, 2008. 277 s. ISBN 9788080856014(viaz.), 120-121.";1488;dar;originál;skica;olej;Slovenská národná galéria, SNG;maliarstvo, obraz oltárny;neznačené;
Spišský maliar;1450 - 1460;15. storočie, 2. polovica, 1450-1460 okolo;;Triptych zo Strážok;3;2;O 1590;1.1.1978;;Buran, Dušan;drevo;"výška 138.8 cm; šírka 51.0 cm";1.1.1957;"Svätý biskup - Vojtech ? (Svätý Biskup - Mikuláš?); rub:Bolestná Panna Mária";"Svätý biskup - Vojtech ? (Svätý Biskup - Mikuláš?); rub:Bolestná Panna Mária | Saint Bishop - Adalbert? (Saint Bishop - Nicholas?); Our Lady of Sorrows (Preklad názvu)";SNG;SVK:SNG.O_1590;"POZN: Ľavé krídlo oltárneho triptychu zo Strážok. Pravé krídlo: O 1591; stredná tabuľa O 1592.
LIT:
Glatz 1983, 52-56.
DSVU - Gotika 2003, 705 (M. Bartlová).
Ročenka SNG 2004/2005, 167-179 (M. Bartlová).

Autor: aj Neznámy spišský (alebo malopoľský?) maliar";1608 a;prevod;originál;DEF;tempera;Slovenská národná galéria, SNG;maliarstvo, maľba tabuľová;neznačené;figurálna kompozícia
Spišský maliar;1450 - 1460;15. storočie, 2. polovica, 1450-1460 okolo;;Triptych zo Strážok;3;3;O 1591;1.1.1978;;Buran, Dušan;drevo;"výška 138.9 cm; šírka 51.0 cm";1.1.1957;Svätý Biskup - Stanislav ?, rub: Stojaci Bolestný Kristus;"Svätý Biskup - Stanislav ?, rub: Stojaci Bolestný Kristus | Saint Bishop -  Stanislaus?; Standing Man of Sorrows (Preklad názvu)";SNG;SVK:SNG.O_1591;"POZN: Pravé krídlo oltárneho triptychu zo Strážok. Ľavé krídlo: O 1590, stredná tabuľa O 1592.
LIT:
Glatz 1983, 52-56.
DSVU - Gotika 2003, 705 (M. Bartlová).
Ročenka SNG 2004/2005, 167-179 (M. Bartlová).";1608 b;prevod;originál;DEF;tempera;Slovenská národná galéria, SNG;maliarstvo, maľba tabuľová;neznačené;figurálna kompozícia
Neznámy autor;1450 - 1460;15. storočie, 2. polovica, 1450-1460 okolo;;Triptych zo Strážok;3;1;O 1592;1.1.1978;;Buran, Dušan;drevo;"výška 126.7 cm; šírka 90.2 cm";1.1.1957;Madona na drakovi medzi svätou Katarínou a Barborou;Madona na drakovi medzi svätou Katarínou a Barborou | Madonna on a Dragon between Saint Catherine and Barbara (Preklad názvu);SNG;SVK:SNG.O_1592;"POZN: Stredná časť oltárneho triptychu zo Strážok. Krídla: O 1590 a O 1591.
LIT:
Glatz 1983, 52-56.
DSVU - Gotika 2003, 705 (M. Bartlová).
Ročenka SNG 2004/2005, 167-179 (M. Bartlová).";1608 c;prevod;originál;DEF;tempera;Slovenská národná galéria, SNG;maliarstvo, maľba tabuľová;neznačené;figurálna kompozícia
Spišský maliar | Majster Mikuláš z Levoče - pravdepodobne;1484;15. storočie, 2. polovica, 1484;;;;;O 1593;;;Buran, Dušan;drevo;"s rámom: výška 77.3 cm, šírka 61.0 cm; výška 65.0 cm; šírka 49.2 cm";1.1.1957;Madona s anjelmi z Popradu;"Madona s anjelmi z Popradu | The Madonna from Poprad  (Preklad názvu); Madona z Popradu  (Názov uvádzaný v literatúre)";SNG;SVK:SNG.O_1593;"POZN: prevod od P. Kerna, ako majetok SNM
Identita Mikuláša z Levoče je sporná, mohlo ísť tiež o objednávateľa.
LIT:
Glatz 1983, 90-94.
DSVU - Gotika 2003, 721 (J. Végh).
Kat. Paris 2010, 48-49 (D. Buran).
111 diel zo zbierok. Slovenská národná galéria. Bratislava : SNG, Vyd. Slovart, 2008. 277 s. ISBN 9788080856014(viaz.), 54.";1609;prevod;originál;DEF;tempera;Slovenská národná galéria, SNG;maliarstvo, maľba tabuľová;dole na ráme: Nicolaus de leucza anno d(omin)i 1484 h(...);náboženský motív
Majster Martin;1497;15. storočie, koniec, 1497;;pôvodne - stredná tabuľa triptychu z Jánoviec;;;O 1594;;;Buran, Dušan;drevo;"v pôvodnom ráme: výška 158.8 cm, šírka 130.3 cm; výška 144.0 cm; šírka 115.0 cm";1.1.1957;Madona so sv. Katarínou a sv. Alžbetou;"Madona so sv. Katarínou a sv. Alžbetou | The Madonna Enthroned Between St. Catherine and St. Elizabeth (Preklad názvu); Tabuľa z Jánoviec  (Názov uvádzaný v literatúre); Tróniaca Madona medzi svätou Katarínou a svätou Alžbetou Uhorskou (Predchádzajúci názov); Madona z Jánoviec (Názov uvádzaný v literatúre)";SNG;SVK:SNG.O_1594;"LIT:
Glatz 1983, 107-110.
DSVU - Gotika 2003, 726-727 (J. Végh).
Kat. Eisenach 2007, 386-387 (I. Gerát).
Kat. Paris 2010, 50-51 (D. Buran).
111 diel zo zbierok. Slovenská národná galéria. Bratislava : SNG, Vyd. Slovart, 2008. 277 s. ISBN 9788080856014(viaz.), 54-55.";1610;prevod;originál;DEF;"tempera; zlátenie; puncovanie";Slovenská národná galéria, SNG;maliarstvo, maľba tabuľová;"na rube na hornej lište rámu: Martin(us) 1497 pictor in vigilia nativitat(is);null0001000058";náboženský motív
Maulbertsch, Franz Anton - okruh autora;1750 - 1760;18. storočie, 2. polovica, 1750-1760;;;;;O 1801;1.1.1983;;Chmelinová, Katarína;tabuľa, drevená;"výška 100.2 cm; šírka 89.0 cm";1.1.1953;Nanebovzatie Panny Márie. Skica pre kupolovú fresku katedrály vo Váci ;"Nanebovzatie Panny Márie. Skica pre kupolovú fresku katedrály vo Váci  | Návrh na nástennú výzdobu (Predchádzajúci názov); The Assumption of the Virgin Mary. Sketch for the Dome Fresco in the Cathedral in Vác (Preklad názvu)";SNG;SVK:SNG.O_1801;POZN:;229;prevod;originál;štúdia;olej;Slovenská národná galéria, SNG;maliarstvo;neznačené;náboženský motív
Mildorfer, Josef Ignaz - okruh autora;1760 - 1780;18. storočie, 2. polovica, 1760-1780;;;;;O 3145;1.1.1983;;Chmelinová, Katarína;plátno;"výška 63.2 cm; šírka 74.5 cm";1.1.1966;Svätý Jozef s rodinou;"Svätý Jozef s rodinou | Jozef so svätou rodinou (Predchádzajúci názov); Saint Joseph with Family (Preklad názvu)";SNG;SVK:SNG.O_3145;"POZN: 
Keleti, 1983, s. 98 - 99: ""Maliar z okruhu rodiny Palkovcov okolo 1752 ... F.X.K. Palko pravdepodobne""
Preiss, 1999, s. 292: ""Obraz je stylu obou bratří Palku zcela vzdálen, snad bližší okruhu J.I. Mildorfera"" 
Papco, 2001: ""Troger"" ";6852;kúpa;originál;DEF;olej;Slovenská národná galéria, SNG;maliarstvo;neznačené;náboženský motív
Izbighy, Štefan Michal-Vörös;1734;18. storočie, 1. polovica, 1734;12.5.1971;;;;O 3844;1.1.1982;84. NK;Chmelinová, Katarína;plátno;"výška 67.5 cm; šírka 96.5 cm";12.5.1971;Zátišie s tekvicami a uhorkami;Zátišie s tekvicami a uhorkami | Still Life with Pumpkins and Cucumbers (Preklad názvu);SNG;SVK:SNG.O_3844;;11136;kúpa;originál;DEF;olej;Slovenská národná galéria, SNG;maliarstvo;vpravo dole: St.Mich.Izbighy A-1734;zátišie
Neznámy maliar;1678;17. storočie, 2. polovica, 1678;;;;;O 4841;1.1.1982;;Chmelinová, Katarína;plátno;"výška 72.5 cm; šírka 88.0 cm";12.10.1972;Posmrtný portrét B. Horvatha-Stansitha ;"Posmrtný portrét B. Horvatha-Stansitha  | Memorial Portrait of G. O. Bal. Horváth-Stančič (Preklad názvu); Úmrtná podobizeň G. O. Bal. Horvátha-Stančiča (Predchádzajúci názov)";SNG;SVK:SNG.O_4841;POZN: 13/Obijt Anno 1.6.7.8.III.STRAZE Anor 8.6.;18250;pozostalosť;originál;DEF;olej;Slovenská národná galéria, SNG;maliarstvo;vpravo: G.D.Bal.HORVATH STAHSTTH DE GRADE;portrét
Neznámy maliar;1680 - 1690;17. storočie, 2. polovica, 1670-1700;;;;;O 4842;1.1.1982;;Chmelinová, Katarína;plátno;"výška 78.0 cm; šírka 79.0 cm";12.10.1972;Posmrtný portrét K. Horvath-Stansithovej, rod. Kissovej;"Posmrtný portrét K. Horvath-Stansithovej, rod. Kissovej | Mourning Portrait of Zemianka (Preklad názvu); Úmrtná podobizeň zemianky (Predchádzajúci názov)";SNG;SVK:SNG.O_4842;POZN: ;18251;pozostalosť;originál;DEF;olej;Slovenská národná galéria, SNG;maliarstvo;neoznačené;portrét
Kramer, Ján Gottlieb;1739;18. storočie, 2. polovica, 1750 okolo;;;;;O 4844;1.1.1982;;Chmelinová, Katarína;plátno;"výška 123.0 cm; šírka 68.0 cm";1.1.1972;Johana Zuzana Horvath-Stansithová ako 7 - ročná;"Johana Zuzana Horvath-Stansithová ako 7 - ročná | Johanna Zuzanna Horváthová (Preklad názvu); Johanna Zuzanna Horváthová (Predchádzajúci názov)";SNG;SVK:SNG.O_4844;POZN: ;18253;pozostalosť;originál;DEF;olej;Slovenská národná galéria, SNG;maliarstvo;vpravo hore: Johanna Susanna Horvath Stansith de Gradecz Atät Sua Annorum 7;portrét
Kramer, Ján Gottlieb;1740;18. storočie, 2. polovica, 1750 okolo;;;;;O 4845;1.1.1982;;Chmelinová, Katarína;plátno;"výška 113.0 cm; šírka 66.0 cm";1.1.1972;Marek Horvath-Stansith ako 6-ročný;"Marek Horvath-Stansith ako 6-ročný | Six-Year-Old Marek Horvath-Stančič (Preklad názvu); Marek Horvath-Stančič 6 ročný (Predchádzajúci názov)";SNG;SVK:SNG.O_4845;POZN:  6/Marek Hor.Stančič-6 ročný;18254;pozostalosť;originál;DEF;olej;Slovenská národná galéria, SNG;maliarstvo;vpravo hore: Marcus Horvath Stansith de Gradec Aetatis Sua Annorum;portrét
Kurtz, Jozef;1735;18. storočie, 1. polovica, 1735;;;;;O 4884;1.1.1982;;Chmelinová, Katarína;plátno;"výška 216.0 cm; šírka 129.0 cm";1.1.1972;Portrét arcibiskupa Imricha Esterházyho;"Portrét arcibiskupa Imricha Esterházyho | Podobizeň stojaceho duchovného hodnostára; J. Esterházy (Preklad názvu); J. Esterházy (Predchádzajúci názov)";SNG;SVK:SNG.O_4884;POZN:;18293;pozostalosť;originál;DEF;olej;Slovenská národná galéria, SNG;maliarstvo;vľavo dole: J. Kurtz pi sil Posoni 1735;portrét
Mildorfer, Josef Ignaz - pravdepodobne;1763 - 1764;18. storočie, 2. polovica, 1763-1764;;;;;O 5306;1.1.1982;;Chmelinová, Katarína;plátno;"výška 141.0 cm; šírka 200.0 cm";23.5.1975;Narodenie Krista;"Narodenie Krista | Birth of Christ  (Preklad názvu); Narodenie (Predchádzajúci názov)";SNG;SVK:SNG.O_5306;"POZN: Získané kúpou v roku v roku 1975. Reštaurované v rokoch 1993-1994.

LIT:
111 diel zo zbierok. Slovenská národná galéria. Bratislava : SNG, Vyd. Slovart, 2008. 277 s. ISBN 9788080856014(viaz.), 124-125.";17611;prevod;originál;DEF;olej;Slovenská národná galéria, SNG;maliarstvo, obraz závesný;neznačené;náboženský motív
Zanussi, Jozef - pravdepodobne;1760 - 1770;18. storočie, 2. polovica,  okolo 1770;19.10.1976;;;;O 5317;1.1.1989;116. NK;Chmelinová, Katarína;plátno;"výška 52.0 cm; šírka 44.0 cm";19.10.1976;Vzkriesenie Krista;"Vzkriesenie Krista | Vzkriesený Kristus (Predchádzajúci názov); Resurrection of Jesus (Preklad názvu)";SNG;SVK:SNG.O_5317;POZN:  Skica k nástropnej maľbe;20130;kúpa;originál;skica;olej;Slovenská národná galéria, SNG;maliarstvo;;náboženský motív
Mayer st. , Ignaz;1770 - 1781;18. storočie, 2. polovica, pred 1781;19.10.1982;;;;O 5973;1.1.1983;154. NK;Chmelinová, Katarína;plátno;"výška 51.2 cm; šírka 32.4 cm";19.10.1982;Apoteóza sv. Jakuba;Apoteóza sv. Jakuba | Apotheosis of St. James (Preklad názvu);SNG;SVK:SNG.O_5973;POZN: Integrita diela:štúdia  k rovnomennému Mayerovmu obrazu hlavného oltára Kostola sv. Jakuba Väčšieho v Olbramovicich (Arijčuk 2009)  - podľa staršej práce F. A. Palka pre kostol sv.Jakuba v Brne, ;24121;kúpa;originál;DEF;olej;Slovenská národná galéria, SNG;maliarstvo;neoznačené;figurálna kompozícia
Troger, Paul - nasledovník;1750 - 1800;18. storočie, 2. polovica, 1750-1800;4.5.1989;;;;O 6552;1.1.1989;187. NK;Chmelinová, Katarína;plátno;"výška 264.0 cm; šírka 230.0 cm";4.5.1989;Oplakávanie Krista;Oplakávanie Krista | Lamentation of Christ (Preklad názvu);SNG;SVK:SNG.O_6552;POZN: Získané kúpou v roku v roku 1989. Reštaurované v rokoch 1989-1990 - V. Úradníček a následne v rokoch 1993-1994 M. Šimkovic.;424/89;kúpa;originál;DEF;olej;Slovenská národná galéria, SNG;maliarstvo, obraz závesný;neznačené;
Viedenský maliar;1420 - 1440;15. storočie, 1. polovica, 1430-1440;;súčasť krídlového oltára;3;1;O 6711;;;Buran, Dušan;drevo;"výška 98.0 cm; šírka 75.5 cm";16.12.1995;Tabuľa so sv. Barborou a sv. Uršulou;"Tabuľa so sv. Barborou a sv. Uršulou | Ukrižovanie na vonkajšej strane; Sts. Barbara and Ursula/Crucifixion  (Preklad názvu); Sv. Barbora a Sv. Uršuľa/Ukrižovanie (Názov uvádzaný v literatúre)";SNG;SVK:SNG.O_6711;"POZN: Z rovnakého oltára pochádzajú tiež diela SNG O 6712 a O 6830. Ďalšie tabule - čiastočne z rovnakého oltára, čiastočne z dielne - sú v majektku Wien Museum Viedeň a Slezského muzea v Opave.

Tabule z neznámeho oltára Ukrižovanie

LIT: 
111 diel zo zbierok. Slovenská národná galéria. Bratislava : SNG, Vyd. Slovart, 2008. 277 s. ISBN 9788080856014(viaz.), 50-51.";24/96;prevod;originál;;"tempera; zlátenie";Slovenská národná galéria, SNG;maliarstvo, maľba tabuľová;;
Viedenský maliar;1430 - 1440;15. storočie, 1. polovica, 1430-1440;;súčasť krídlového oltára;3;2;O 6712;;;Buran, Dušan;drevo;"výška 98.0 cm; šírka 75.0 cm";16.12.1995;Tabuľa so sv. Jánom Krstiteľom a sv. biskupom (sv. Vojtech?);"Tabuľa so sv. Jánom Krstiteľom a sv. biskupom (sv. Vojtech?) | Zmŕtvychvstanie na vonkajšej strane; Sts. John the Baptist and Adalbertus (?)/Resurrection  (Preklad názvu); Sv. Ján Krstiteľ a Sv. Vojtech (?)/Zmŕtvychvstanie  (Názov uvádzaný v literatúre); Tabuľa so sv. Jánom Krstiteľom a Svätcom biskupom (Predchádzajúci názov)";SNG;SVK:SNG.O_6712;"POZN: Z rovnakého oltára pochádzajú tiež diela SNG O 6712 a O 6830. Ďalšie tabule - čiastočne z rovnakého oltára, čiastočne z dielne - sú v majektku Wien Museum Viedeň a Slezského muzea v Opave.

Tabuľa z neznámeho oltára Ukrižovanie

LIT:
111 diel zo zbierok. Slovenská národná galéria. Bratislava : SNG, Vyd. Slovart, 2008. 277 s. ISBN 9788080856014(viaz.), 50-51.";23/96;prevod;originál;;"tempera; zlátenie";Slovenská národná galéria, SNG;maliarstvo, maľba tabuľová;;
Schmidt, Anton;1753 - 1763;18. storočie, 2. polovica, 1763 pred;14.7.2005;súčasť neznámeho oltárneho celku (je možné, že ide o súčasť výzdoby františkánskeho kostola v Kremnici);;;O 6833;1.1.2005;NK;Chmelinová, Katarína;plátno;"výška 245.0 cm; šírka 160.8 cm";14.7.2005;Sv. Peter z Alcantary;"Sv. Peter z Alcantary | sv. Peter z Alcantary; St. Peter of Alcantara (Preklad názvu)";SNG;SVK:SNG.O_6833;"POZN: sv. Peter z Alcantary (1499-1562)

LIT:
111 diel zo zbierok. Slovenská národná galéria. Bratislava : SNG, Vyd. Slovart, 2008. 277 s. ISBN 9788080856014(viaz.), 122-123.";2/2005;kúpa;originál;;olej;Slovenská národná galéria, SNG;maliarstvo, obraz závesný;;figurálna kompozícia
Neznámy rezbár;1690 - 1710;17.-18. storočie, prelom, 1700 okolo;;;;;P 17;1.1.1982;;Chmelinová, Katarína;drevo;"výška 85.0 cm; šírka 33.0 cm; hĺbka 23.8 cm";18.4.1950;Korpus Krista;Korpus Krista;SNG;SVK:SNG.P_17;POZN: ;10;prevod;originál;DEF;rezba;Slovenská národná galéria, SNG;sochárstvo, skulptúra;neznačené;
Neznámy viedenský rezbár | Kamensetzer, Hans - pravdepodobne;1480 - 1490;15. storočie, 2. polovica, 1485-1490;;Hlavný oltár Dómu sv. Martina v Bratislave;1;1;P 53;1.1.1978;;Buran, Dušan;drevo, lipové;"výška 206.0 cm; šírka 118.0 cm; hĺbka 57.5 cm";;Reliéf Adorácia Pána (tzv. Narodenie Ježiša z Hlohovca);"Reliéf Adorácia Pána (tzv. Narodenie Ježiša z Hlohovca) | The Birth of Jesus (originally from the High altar of St. Martin's Provost Church in Bratislava) (Preklad názvu); The Hlohovec Nativity  (Preklad názvu); Reliéf Narodenia z Hlohovca (pôvodne z Hlavného oltára Dómu sv. Martina v Bratislave) (Predchádzajúci názov)";SNG;SVK:SNG.P_53;"POZN: 
Reliéf pôvodne tvoril ústredné súsošie Hlavného oltára v Dóme sv. Martina v Bratislave. Pred 1732 bol rozobratý a odvezený do kaplnky Kaštieľa Erdödyovcov v Hlohovci. Konfiškát 30.11.1950, do SNG sa dostal prostredníctvom SNM na jar 1951.
Z rovnakej dielne pochádza aj Panna Mária zo skupiny Zvestovania z Veľkého Bielu - od 2003 dlhodobá výpožička v SNG. 
Za autora je novšou literatúrou (Schultes 2004-2005; Roller 2011) považovaný Hans Kamensetzer - s otáznikom. 

Lit:
Glatz 1983, 95-100
Endrödi 1998
DSVU - Gotika 2003, 712-713 (K. Chamonikola)
Ročenka SNG 2004-2005, 247-264 (L. Schultes)
Kat. Paris 2010, 44-45 (D. Buran)
Kat. Frankfurt 2011, 351-353 (S. Roller)
111 diel zo zbierok. Slovenská národná galéria. Bratislava : SNG, Vyd. Slovart, 2008. 277 s. ISBN 9788080856014(viaz.), 52-53.";25;prevod;originál;DEF;"rezba; zlátenie; polychrómia";Slovenská národná galéria, SNG;sochárstvo, reliéf;neznačené;figurálna kompozícia
Gode, Ľudovít - dielňa autora;1735 - 1745;18. storočie, 1. polovica, 1735 po;5.10.1951;z ľav.strany neznámeho oltára;;;P 80;1.1.1982;6. NK;Chmelinová, Katarína;drevo;"výška 95.0 cm; šírka 45.0 cm; hĺbka 28.0 cm";5.10.1951;Anjel;Anjel | Angel (Preklad názvu);SNG;SVK:SNG.P_80;"POZN: cena v starej mene, 

LIT: 
111 diel zo zbierok. Slovenská národná galéria. Bratislava : SNG, Vyd. Slovart, 2008. 277 s. ISBN 9788080856014(viaz.), 114.";86;kúpa;originál;DEF;"zlátenie; rezba";Slovenská národná galéria, SNG;sochárstvo, skulptúra;neznačené;figurálny motív
Spišský rezbár zo začiatku 16. storočia | Majster Pavol z Levoče;1524;16. storočie, 1. polovica, 1524;;pôvodne súčasť mariánskeho neskorogotického oltára zo Strážok;;;P 138;1.1.1978;;Buran, Dušan;drevo, lipové;"výška 106.5 cm; šírka 35.0 cm; hĺbka 28.0 cm";29.10.1952;Svätý Ondrej zo Strážok;Svätý Ondrej zo Strážok | St. Andrew from Strážky  (Preklad názvu);SNG;SVK:SNG.P_138;"POZN: 
Dielo pochádza bezprostredne z dielne Majstra Pavla z Levoče

LIT:
Glatz 1983, 142-144
Kat. Paris 2010, 84-85 (D. Buran)
111 diel zo zbierok. Slovenská národná galéria. Bratislava : SNG, Vyd. Slovart, 2008. 277 s. ISBN 9788080856014(viaz.), 66-67.";171;prevod;originál;DEF;"rezba; zlátenie; polychrómia";Slovenská národná galéria, SNG;sochárstvo, skulptúra;neznačené;figurálna kompozícia
Neznámy švábsky rezbár;1490 - 1510;15.-16. storočie, prelom, okolo 1500;;Oltár Sv. Márie Magdalény a sv. Barbory z Ľubice;2;1;P 139;1.1.1978;;Buran, Dušan;drevo, lipové;"výška 119.0 cm; šírka 38.0 cm; hĺbka 27.0 cm";29.10.1952;Svätica z Ľubice;Svätica z Ľubice | Sv. Mária Magdaléna (Názov určený majiteľom);SNG;SVK:SNG.P_139;"POZN:
Socha pochádza zo švábskej dielne, avšak vzápätí po jej vytvorení bola dovezená na Spiš (z rovnakej dielne pochádza aj Madona v Matejovciach). V Ľubici ju spolu so sv. Barborou (SNG P 140) vsadili do oltárneho retabula. Jeho časti sú dnes v Maďarskej národnej galérii (skriňa a krídla _ inv. 55.587.1-15) a vo Východoslovenskom múzeu v Košiciach (krídla _ inv. S 355a-b).
LIT:
Schürer - Wiese 1938, 80, 205.
Kampis 1940, 284.
Glatz 1983, 132-134.
Kat. Košice 1995, 83-85 (A. Glatz)
Endrödi 2003.
Novotná 2007.
Kat. Paris 2010, 57 (D. Buran)";171;prevod;originál;DEF;rezba;Slovenská národná galéria, SNG;sochárstvo, skulptúra;neznačené;figurálna kompozícia
Neznámy švábsky rezbár;1490 - 1510;16. storočie, 1. polovica, 1520 okolo;;Oltár sv. Márie Magdalény a sv. Barbory v Ľubici;2;2;P 140;1.1.1978;;Buran, Dušan;drevo, lipové;"výška 120.0 cm; šírka 36.0 cm; hĺbka 27.0 cm";29.10.1952;Svätica z Ľubice;Svätica z Ľubice | Sv. Barbora (Názov uvádzaný v literatúre);SNG;SVK:SNG.P_140;"POZN:
Socha pochádza zo švábskej dielne, avšak vzápätí po jej vytvorení bola dovezená na Spiš (z rovnakej dielne pochádza aj Madona v Matejovciach). V Ľubici ju spolu so sv. Máriou Magdalénou (SNG P 139) vsadili do oltárneho retabula. Jeho časti sú dnes v Maďarskej národnej galérii (skriňa a krídla _ inv. 55.587.1-15) a vo Východoslovenskom múzeu v Košiciach (krídla _ inv. S 355a-b).
LIT:
Schürer - Wiese 1938, 80, 205.
Kampis 1940, 284.
Glatz 1983, 132-134.
Kat. Košice 1995, 83-85 (A. Glatz)
Endrödi 2003.
Novotná 2007.
Kat. Paris 2010, 57 (D. Buran)";171;prevod;originál;DEF;rezba;Slovenská národná galéria, SNG;sochárstvo, skulptúra;neznačené;figurálna kompozícia
Messerschmidt, Ján Adam - pravdepodobne;1770 - 1780;18. storočie, 2. polovica, 1780-1790;1.3.1954;;;;P 223;1.1.1982;15. NK;Chmelinová, Katarína;drevo;"výška 126.5 cm; šírka 52.0 cm; hĺbka 29.0 cm";1.3.1954;Mních kapucín;"Mních kapucín | Žobrajúci mních (Predchádzajúci názov); Sv. Félix z Cantalice (Názov uvádzaný v literatúre)";SNG;SVK:SNG.P_223;POZN: pendant k soche mnícha P 232, ;401;kúpa;originál;DEF;"rezba; patinovanie";Slovenská národná galéria, SNG;sochárstvo, skulptúra;neznačené;figurálny motív
Messerschmidt, Ján Adam - pravdepodobne;1780;18. storočie, 2. polovica, 1770-1780;15.7.1954;pendant k soche žobrajúci mních P 223;;;P 232;1.1.1982;16. NK;Chmelinová, Katarína;drevo;"výška 126.2 cm; šírka 60.5 cm; hĺbka 31.0 cm";15.7.1954;Mních kapucín ;Mních kapucín  | Mních (Predchádzajúci názov);SNG;SVK:SNG.P_232;POZN:;458;kúpa;originál;DEF;"rezba; patinovanie";Slovenská národná galéria, SNG;sochárstvo, skulptúra;neznačené;figurálny motív
Gode, Ľudovít - nasledovník;1770 - 1790;18. storočie, 2. polovica, 1770-1790;22.11.1955;socha z náhrobného pomníka;;;P 255;1.1.1982;17. NK;Chmelinová, Katarína;kameň, pieskovec;"výška 77.5 cm; šírka 51.4 cm";22.11.1955;Melanchólia ;Melanchólia  | Alegorická ženská postava z náhrobného pomníka (Predchádzajúci názov);SNG;SVK:SNG.P_255;POZN: ;623;kúpa;originál;DEF;sekanie;Slovenská národná galéria, SNG;sochárstvo, skulptúra;neznačené;
Neznámy rezbár;1480 - 1500;15. storočie, 2. polovica, 1490 pred;1.1.1957;pôvodne súčasť oltárneho celku;;;P 350;1.1.1982;26. NK;Buran, Dušan;drevo, lipové;"výška 114.5 cm; šírka 35.0 cm; hĺbka 24.5 cm";1.1.1957;Madona z Turca;"Madona z Turca | Madona s Ježiškom (Predchádzajúci názov); ";SNG;SVK:SNG.P_350;"POZN: 

Chýbajúca koruna Márie, Ježišovi chýba ľavá ruka a celé pravé rameno. 
Missing crown of Mary, missing hands of Jesus.

Na viacerých miestach výletové otvory po červotoči (čiastočne zatmelené), viac prasklín a oderov (tiež v inkarnáte). Lemy plášťa Márie na viacerých miestach odraté, spevnené tmelom a rešt. retušou. 
On many places traces of worms´ holes (partly treated by previous restoration), several rips and scrubs (also in incarnate). Edges of Mary´s coat are scrubbed on some places, strengthened and retouched.  

Olámaný ľavý prameň vlasov Márie, tiež malíček jej ľavej ruky. 
Broken left twist of Mary´s hair, broken little finger of her left hand.

Na viacerých miestach výpadky polychrómie. Vo väčšej miere na zadnej strane. Zlátenie miestami ošúchané až na bolus. 
On several places, polychromy is missing, especially on the back side. Gilding partly scrubbed down to the bolus layer.
";1030;kúpa;originál;DEF;"polychrómia, inkarnát; zlátenie";Slovenská národná galéria, SNG;sochárstvo, skulptúra;neznačené;figurálna kompozícia
Seegen, František Xaver;1761;18. storočie, 2. polovica, 1761;;;;;P 422;1.1.1982;;Chmelinová, Katarína;drevo;"výška 69.0 cm; šírka 35.0 cm";10.10.1955;Kalvária ;Kalvária  | Ukrižovanie (Predchádzajúci názov);SNG;SVK:SNG.P_422;POZN: ;1490;dar;originál;DEF;"rezba; patinovanie, hnedé";Slovenská národná galéria, SNG;sochárstvo, reliéf;na podstavci pod Máriou: Xaveri/Seegen/Fec.....;
Spišský rezbár z konca 15. storočia;1480 - 1500;15. storočie, 2. polovica, 1480-1500;1.1.1963;pôvodne súčasť gotického oltára;;;P 706;1.1.1982;33. NK;Buran, Dušan;drevo, lipové;"výška 121.0 cm; šírka 35.0 cm; hĺbka 22.0 cm";1.1.1963;Svätý Mikuláš z neznámej spišskej lokality;Svätý Mikuláš z neznámej spišskej lokality | Svätý Mikuláš zo Spiša (Predchádzajúci názov);SNG;SVK:SNG.P_706;"LIT:
Glatz 1983, 113-114
Kat. Paris 2010, 56-57 (D. Buran)";4066;kúpa;originál;DEF;"rezba; zlátenie; polychrómia";Slovenská národná galéria, SNG;sochárstvo, skulptúra;neznačené;figurálna kompozícia
Neznámy rezbár;1690 - 1699;17.-18. storočie, prelom, 1700 okolo;;súčasť neznámej Kalvárie;;;P 851;1.1.1982;;Chmelinová, Katarína;drevo;"výška 114.0 cm; šírka 40.0 cm; hĺbka 34.0 cm";7.4.1964;Bolestná Panna Mária;Bolestná Panna Mária;SNG;SVK:SNG.P_851;;5410;kúpa;originál;DEF;"rezba; polychrómia, fragmenty";Slovenská národná galéria, SNG;sochárstvo, skulptúra;neznačené;figurálny motív
Stanetti, Dionýz Ignác;1762 - 1764;18. storočie, 2. polovica, 1763 pred;;pravá časť oltáru z kostola v Kremnici, pendant k P 1839;;;P 1220;1.1.1982;;Chmelinová, Katarína;drevo;"výška 99.4 cm; šírka 86.0 cm; hĺbka 49.0 cm";2.4.1970;Svätica - anjel svetlonos;"Svätica - anjel svetlonos | Sediaca alegorická ženská postava I.-pôvod. názov (Predchádzajúci názov); Sediaca ženská dekoratívna figúra (Predchádzajúci názov)";SNG;SVK:SNG.P_1220;POZN: ;17593;prevod;originál;DEF;"zlátenie; rezba";Slovenská národná galéria, SNG;sochárstvo, skulptúra;neznačené;figurálna kompozícia
Slovenský majster Madony z Lomničky;1400 - 1410;15. storočie, 1. polovica, 1400-1410;1.1.1970;stredová figúra bývalého mariánskeho oltára z Lomničky;;;P 1277;1.1.1978;82. NK;Buran, Dušan;drevo, lipové;výška 140.8 cm;1.1.1970;Madona z Lomničky;Madona z Lomničky | Oltár Panny Márie z Lomničky;SNG;SVK:SNG.P_1277;POZN: ;10219;kúpa;originál;DEF;"rezba; polychrómia";Slovenská národná galéria, SNG;sochárstvo, skulptúra;neznačené;figurálna kompozícia
Neznámy rezbár;1480 - 1500;15. storočie, 2. polovica, 1490 okolo;1.1.1971;pôvodne súčasť kalvárie v obci Kalinka;;;P 1403;1.1.1978;84. NK;Buran, Dušan;drevo, lipové;"výška 65.5 cm; šírka 20.0 cm; hĺbka 16.0 cm";1.1.1971;Bolestná Panna Mária z Kalinky;Bolestná Panna Mária z Kalinky;SNG;SVK:SNG.P_1403;POZN:;11014;kúpa;originál;DEF;"rezba; polychrómia";Slovenská národná galéria, SNG;sochárstvo, skulptúra;neznačené;figurálna kompozícia
Neznámy rezbár;1440 - 1460;15. storočie, 1. polovica, 1440;1.1.1971;;;;P 1404;1.1.1978;84. NK;Buran, Dušan;drevo, lipové;"výška 120.0 cm; šírka 46.0 cm; hĺbka 22.0 cm";1.1.1971;Madona zo Žiaru nad Hronom;"Madona zo Žiaru nad Hronom | Madona s dieťaťom zo Žiaru nad Hronom; Madona s dieťaťom (Predchádzajúci názov)";SNG;SVK:SNG.P_1404;POZN: ;11013;kúpa;originál;DEF;"rezba; polychrómia; zlátenie";Slovenská národná galéria, SNG;sochárstvo, skulptúra;neznačené;figurálna kompozícia
Neznámy rezbár;1415 - 1425;15. storočie, 1. polovica, 1400-1420 okolo;1.1.1971;;;;P 1512;1.1.1978;88. NK;Buran, Dušan;drevo, lipové;"výška 148.0 cm; šírka 47.0 cm; hĺbka 29.0 cm";1.1.1971;Madona z Ďapaloviec;Madona z Ďapaloviec | The Ďapalovce Madonna (Preklad názvu);SNG;SVK:SNG.P_1512;"POZN: 
LIT:
Glatz 1983, s. 44-46

111 diel zo zbierok. Slovenská národná galéria. Bratislava : SNG, Vyd. Slovart, 2008. 277 s. ISBN 9788080856014(viaz.), 48-49. ";12060;kúpa;originál;DEF;"rezba; polychrómia";Slovenská národná galéria, SNG;sochárstvo, skulptúra;neznačené;figurálna kompozícia
Gross, Pavol st.;1660 - 1670;17. storočie, 60. roky;12.12.1972;;;;P 1567;1.1.1981;95. NK;Chmelinová, Katarína;drevo;"výška 65.0 cm; šírka 117.0 cm";12.12.1972;Posledná večera;Posledná večera | Posledná večera-ovál v kartuši (Predchádzajúci názov);SNG;SVK:SNG.P_1567;POZN: ;12947;kúpa;originál;DEF;"polychrómia; rezba";Slovenská národná galéria, SNG;sochárstvo, reliéf;neznačené;
Gode, Jozef;1776 - 1778;18. storočie, 2. polovica, 1780 okolo;10.1.1973;;;;P 1600;1.1.1982;mimo NK;Chmelinová, Katarína;kov, olovo;"výška 42.5 cm; šírka 24.0 cm";10.1.1973;Extáza svätého Františka;"Extáza svätého Františka | Extáza sv. Františka- rešt. protokol; Apoteóza svätého Františka (Predchádzajúci názov)";SNG;SVK:SNG.P_1600;POZN: pendant P 1601, rešturoval J. Lupták v r. 1992;13748;kúpa;odliatok;DEF;"liatie; patinovanie";Slovenská národná galéria, SNG;sochárstvo, reliéf;neznačené;
Gode, Jozef;1776 - 1778;18. storočie, 2. polovica, 1780 okolo;10.1.1973;;;;P 1601;1.1.1982;mimo NK;Chmelinová, Katarína;kov, olovo;"výška 42.5 cm; šírka 24.0 cm";10.1.1973;Extáza svätej Terézie;Extáza svätej Terézie;SNG;SVK:SNG.P_1601;POZN: Apoteóza svätej Kláry, pendant P 1600, rešturoval J. Lupták v r. 1992;13749;kúpa;odliatok;DEF;"liatie; patinovanie";Slovenská národná galéria, SNG;sochárstvo, reliéf;neznačené;
Stredoeurópsky rezbár;1675 - 1700;17. storočie, koniec;11.5.1973;;;;P 1647;1.1.1982;13. NK;Chmelinová, Katarína;drevo;"výška 62.0 cm; šírka 18.0 cm; hĺbka 13.0 cm";11.5.1973;Víťazný Kristus (štúdia);Víťazný Kristus (štúdia) | Kristus na zemeguli (Predchádzajúci názov);SNG;SVK:SNG.P_1647;POZN: ;14366;kúpa;originál;DEF;"rezba; polychrómia";Slovenská národná galéria, SNG;sochárstvo, skulptúra;neznačené;figurálny motív
Spišský rezbár;1290 - 1350;14. storočie, 1. polovica, okolo 1300;1.1.1972;pôvodne súčasť oltára z Ruskinoviec;;;P 1700;1.1.1982;89. NK;Buran, Dušan;drevo, lipové;"výška 139.0 cm; šírka 40.0 cm; hĺbka 38.5 cm";1.1.1972;Madona z Ruskinoviec;"Madona z Ruskinoviec | The Ruskinovce Madonna  (Preklad názvu); Madona s Ježiškom z Ruskinoviec";SNG;SVK:SNG.P_1700;"Lit: 
Glatz 1983, 23-26.
DSVU - Gotika 2003, 122-125, 691-692 (R. Suckale)
Ročenka SNG 2004-2005, 35-43 (Z. Gyalokay)

okruh:
Madona z Toporca (MNG Budapest)
Madona z Ulože (r.k. cirkev Levoča)
Madona zo Šváboviec (nezvestná)
Madona z Nowego Saczu, PL)

111 diel zo zbierok. Slovenská národná galéria. Bratislava : SNG, Vyd. Slovart, 2008. 277 s. ISBN 9788080856014(viaz.), 46-47.

";13186;kúpa;originál;DEF;"polychrómia; rezba; zlátenie";Slovenská národná galéria, SNG;sochárstvo, skulptúra;neznačené;figurálna kompozícia
Stanetti, Dionýz Ignác;1762 - 1764;18. storočie, 2. polovica, 1762-1764;;postava z pravej strany oltára zrušeného kostola v Kremnici;;;P 1839;1.1.1982;;Chmelinová, Katarína;drevo;"výška 99.7 cm; šírka 87.3 cm; hĺbka 50.0 cm";23.5.1975;Svätica - anjel svetlonos;"Svätica - anjel svetlonos | Sediaca alegorická ženská postava II.-pôvod. názov (Predchádzajúci názov); Allegorical figure (Preklad názvu); Sediaca ženská dekoratívna figúra (Predchádzajúci názov)";SNG;SVK:SNG.P_1839;"POZN: 

LIT: 111 diel zo zbierok. Slovenská národná galéria. Bratislava : SNG, Vyd. Slovart, 2008. 277 s. ISBN 9788080856014(viaz.), 118.";17592;prevod;originál;DEF;"zlátenie; rezba";Slovenská národná galéria, SNG;sochárstvo, skulptúra;neznačené;figurálna kompozícia
Stanetti, Dionýz Ignác;1762 - 1764;18. storočie, 2. polovica, 1770-1800;;pravdepodobne svätá Anna z pravej strany oltára zrušeného kostola v Kremnici;;;P 1840;1.1.1982;;Chmelinová, Katarína;drevo;"výška 147.0 cm; šírka 76.0 cm; hĺbka 31.0 cm";23.5.1975;Sv. Alžbeta;"Sv. Alžbeta | St. Elizabeth  (Preklad názvu); Starozákonná svätica (Predchádzajúci názov)";SNG;SVK:SNG.P_1840;"POZN: 

LIT:
111 diel zo zbierok. Slovenská národná galéria. Bratislava : SNG, Vyd. Slovart, 2008. 277 s. ISBN 9788080856014(viaz.), 118-119.";17591;prevod;originál;DEF;"zlátenie; rezba";Slovenská národná galéria, SNG;sochárstvo, skulptúra;neznačené;figurálna kompozícia
Stredoslovenský rezbár z 18.storočia;1700 - 1710;18. storočie, 1. polovica, 1700-1710;1.1.1976;súčasť chrámovej výzdoby;;;P 1854;;116. NK;Chmelinová, Katarína;drevo;"výška 65.0 cm; šírka 42.0 cm; hĺbka 21.5 cm";1.1.1976;Putto z pravej strany oltára;Putto z pravej strany oltára | Anjel I. (Predchádzajúci názov);SNG;SVK:SNG.P_1854;POZN: ;20184;kúpa;originál;DEF;"polychrómia; rezba";Slovenská národná galéria, SNG;sochárstvo, skulptúra;neznačené;
Stredoslovenský rezbár z 18.storočia;1700 - 1710;18. storočie, 1. polovica, 1700-1710;1.1.1976;súčasť chrámovej výzdoby;;;P 1855;;116. NK;Chmelinová, Katarína;drevo;"výška 68.0 cm; šírka 45.0 cm; hĺbka 23.5 cm";1.1.1976;Putto z ľavej strany oltára;Putto z ľavej strany oltára | Anjel II. (Predchádzajúci názov);SNG;SVK:SNG.P_1855;POZN: ;20185;kúpa;originál;DEF;"polychrómia; rezba";Slovenská národná galéria, SNG;sochárstvo, skulptúra;neznačené;
Messerschmidt, František Xaver;1777 - 1783;18. storočie, 2. polovica, 1777-1783;;kolekcia charakterových hláv;;;P 2156;1.1.1989;;Chmelinová, Katarína;"kov, cín; kov, olovo";"výška 47.0 cm; šírka 27.5 cm; hĺbka 31.0 cm";1.1.1982;Charakterová hlava 49;Charakterová hlava 49 | Najprudšia vôňa (Názov určený majiteľom);SNG;SVK:SNG.P_2156;POZN: sadra F 179;;;odliatok;DEF;"liatie; patinovanie";Slovenská národná galéria, SNG;sochárstvo, plastika, busta;;
Messerschmidt, František Xaver;1777 - 1783;18. storočie, 2. polovica;;súčasť kolekcie charakterových hláv;;;P 2157;1.1.1989;;Chmelinová, Katarína;"kov, cín; kov, olovo";"výška 31.0 cm; šírka 23.0 cm; hĺbka 22.0 cm";1.1.1983;Charakterová hlava 44;Charakterová hlava 44 | Zadržiavaný smiech (Názov určený majiteľom);SNG;SVK:SNG.P_2157;POZN: sadra F 170;;;odliatok;DEF;"liatie; patinovanie";Slovenská národná galéria, SNG;sochárstvo, plastika, busta;neznačené;
Messerschmidt, František Xaver;1751 - 1800;18. storočie, 2. polovica;;súčasť kolekcie charakterových hláv;;;P 2158;1.1.1989;;Chmelinová, Katarína;"kov, cín; kov, olovo";"výška 39.0 cm; šírka 22.0 cm; hĺbka 22.0 cm";1.1.1983;Charakterová hlava 32;Charakterová hlava 32 | Vážny autoportrét (Názov určený majiteľom);SNG;SVK:SNG.P_2158;POZN: sadra F 161;;;odliatok;DEF;"liatie; patinovanie";Slovenská národná galéria, SNG;sochárstvo, plastika, busta;;
Messerschmidt, František Xaver;1777 - 1785;18. storočie, 2. polovica, 1770-1783;;súčasť kolekcie charakterových hláv;;;P 2169;1.1.1984;;Chmelinová, Katarína;"kov, cín; kov, olovo";"výška 44.5 cm; šírka 24.0 cm; hĺbka 28.0 cm";;Charakterová hlava 15;"Charakterová hlava 15 | Vychudnutý starec s boľavými očami (Názov určený majiteľom); Character Head 15 (Preklad názvu); Vyziabnutý starec s boľavými očami (Názov určený majiteľom)";SNG;SVK:SNG.P_2169;POZN: Odliatie podľa sadroveho modelu:P.Hřeb��ček 1984;;;odliatok;DEF;"liatie; patinovanie";Slovenská národná galéria, SNG;sochárstvo, plastika, busta;neznačené;
Messerschmidt, František Xaver;1777 - 1783;18. storočie, 2. polovica, 1770-1783;;súčasť kolekcie charakterových hláv;;;P 2170;1.1.1984;;Chmelinová, Katarína;"kov, olovo; kov, cín";"výška 42.0 cm; šírka 23.0 cm; hĺbka 24.0 cm";;Charakterová hlava 5;"Charakterová hlava 5 | Zívajúci (Názov určený majiteľom); Character Head 5 (Preklad názvu)";SNG;SVK:SNG.P_2170;POZN: Podľa sadroveho modelu odlial r. 1984 P.Hřebíček.;25 520/1985;;odliatok;DEF;"liatie; patinovanie";Slovenská národná galéria, SNG;sochárstvo, plastika, busta;neoznačené;
Messerschmidt, František Xaver;1777 - 1783;18. storočie, 2. polovica, 1770-1783;;;;;P 2226;1.1.1987;;Chmelinová, Katarína;kov, olovo, legované;"výška 43.5 cm; šírka 24.0 cm; hĺbka 25.0 cm";;Charakterová hlava 20;"Charakterová hlava 20 | Zlostný a pomstichtivý cigán (Predchádzajúci názov); Character Head 20 (Preklad názvu); Zúrivý a pomstychtivý cigán (Názov určený majiteľom)";SNG;SVK:SNG.P_2226;POZN: Odliate podľa sadrového modelu: P.Hřebíček 1985.;25523;;odliatok;DEF;"liatie; patinovanie";Slovenská národná galéria, SNG;sochárstvo, plastika, busta;neznačené;
Messerschmidt, František Xaver;1770 - 1783;18. storočie, 2. polovica, 1770-1783;;;;;P 2227;1.1.1987;;Chmelinová, Katarína;"kov, olovo, legované; kov, cín";"výška 43.5 cm; šírka 27.0 cm; hĺbka 23.5 cm";;Charakterová hlava 6;"Charakterová hlava 6 | Character Head 6 (Preklad názvu); Zváštna ""zobákovitá"" busta (Názov určený majiteľom)";SNG;SVK:SNG.P_2227;POZN: Odliate podľa sádrového modelu: P.Hrebíček 1985;25524;;odliatok;DEF;"liatie; patinovanie";Slovenská národná galéria, SNG;sochárstvo, plastika, busta;neznačené;
Messerschmidt, František Xaver;1770 - 1783;18. storočie, 2. polovica, 1770-1783;;;;;P 2260;1.1.1987;;Chmelinová, Katarína;"kov, olovo, legované; kov, cín";"výška 46.0 cm; šírka 26.0 cm; hĺbka 23.5 cm";;Charakterová hlava 19;"Charakterová hlava 19 | Ťažko ranený (Názov určený majiteľom); Character Head 19 (Preklad názvu)";SNG;SVK:SNG.P_2260;POZN: Odliatie podľa sádrového modelu: P. Hřebíček 1985;16/1989;;odliatok;DEF;"patinovanie; liatie";Slovenská národná galéria, SNG;sochárstvo, plastika, busta;neznačené;
Majster Pavol z Levoče - okruh autora;1510 - 1530;16. storočie, 1. polovica, 1520 okolo;10.12.1986;pôvodne súčasť niekdajšieho krídl.oltára v rím.kat.kostole v Polome;;;P 2262;1.1.1987;173. NK;Buran, Dušan;drevo, lipové;"výška 125.0 cm; šírka 120.0 cm";10.12.1986;Sv. Trojica z Polomy (Trón milosti);Sv. Trojica z Polomy (Trón milosti) | Najsvätejšia Trojica z Polomy (Predchádzajúci názov);SNG;SVK:SNG.P_2262;POZN: ;167/87;kúpa;originál;DEF;"rezba; polychrómia";Slovenská národná galéria, SNG;sochárstvo, reliéf;neznačené;
Majster kráľovských postáv z Matejoviec;1490 - 1510;16. storočie, začiatok, 1500 okolo;;Z neznámeho oltára;1;1;P 2281;1.1.1987;;Buran, Dušan;drevo, lipové;"výška 139.0 cm; šírka 37.0 cm; hĺbka 27.0 cm";1.3.1987;Sv. Mikuláš z Partizánskej Ľupče;Sv. Mikuláš z Partizánskej Ľupče | Sv. Mikuláš biskup z Partizánskej Ľupče (Predchádzajúci názov);SNG;SVK:SNG.P_2281;"POZN: predtým SNG DP 127

Socha pochádza zo širšieho okruhu:
Madona z Hôrky (zo Šváboviec) SNG P 2282
Sv. Mikuláš z Plavča (ŠM Bardejov)
Kristus Zmŕtvychvstalý (SNM - HM Bratislava_ dlhodobá výpožička v SNG)
Časti Hlavného oltára a Oltára sv. Heleny a sv. Egídia v BB - Sásovej
Sv. Štefan a SV. Ladislav ""z Matejoviec"" (MNG Budapešť)

LIT.:
Glatz 1983, 121-123
DSVU - Gotika 2003, 757-759 (G. Endrödi)
Kat. Paris 2010, 72-77 (D. Buran)";554/87;prevod;originál;DEF;"polychrómia; zlátenie; rezba";Slovenská národná galéria, SNG;sochárstvo, skulptúra;nezn.: ;figurálna kompozícia
Majster kráľovských postáv z Matejoviec;1500 - 1510;16. storočie, 1. polovica, 1500-1510;;z neznámeho oltára;;;P 2282;1.1.1987;;Buran, Dušan;drevo, lipové;"výška 109.5 cm; šírka 28.0 cm; hĺbka 20.0 cm";1.3.1987;Madona z Ondreja / z Hôrky;"Madona z Ondreja / z Hôrky | Madona z Ondreja / z Hôrky (Názov určený majiteľom); The Hôrka (Ondrej) Madonna (Preklad názvu); Madona z Hôrky (Ondreja) (Názov uvádzaný v literatúre); Madona s Ježiškom na polmesiaci zo Šváboviec ? (z Ondreja, Hôrky) (Predchádzajúci názov)";SNG;SVK:SNG.P_2282;"POZN: predtým SNG DP 128

Socha pochádza zo širšieho okruhu:
Sv. Mikuláš z Partizánskej Ľupče SNG P 2281
Sv. Mikuláš z Plavča (ŠM Bardejov)
Kristus Zmŕtvychvstalý (SNM - HM Bratislava_ dlhodobá výpožička v SNG)
Časti Hlavného oltára a Oltára sv. Heleny a sv. Egídia v BB - Sásovej
Sv. Štefan a Sv. Ladislav ""z Matejoviec"" (MNG Budapešť)

LIT.:
Glatz 1983, 121-123
DSVU - Gotika 2003, 757-759 (G. Endrödi)
Kat. Paris 2010, 72-77 (D. Buran)
111 diel zo zbierok. Slovenská národná galéria. Bratislava : SNG, Vyd. Slovart, 2008. 277 s. ISBN 9788080856014(viaz.), 56-57.";555/87;prevod;originál;DEF;"polychrómia; zlátenie; rezba";Slovenská národná galéria, SNG;sochárstvo, skulptúra;neznačené;figurálna kompozícia
Majster Pavol z Levoče - okruh autora;1515 - 1525;16. storočie, 1. polovica, okolo 1520;;niekdajšia súčasť krídlového oltára;;;P 2284;1.1.1987;;Buran, Dušan;drevo, lipové;"výška 84.0 cm; šírka 26.0 cm; hĺbka 21.0 cm";1.3.1987;Skulptúry z Hozelca - sv. Štefan;Skulptúry z Hozelca - sv. Štefan | Sv. Štefan - kráľ;SNG;SVK:SNG.P_2284;"POZN: predtým SNG DP 130

Z oltárneho celku spolu s dielami SNG P 2285, 2286, 2287";557/87;prevod;originál;DEF;"polychrómia; rezba";Slovenská národná galéria, SNG;sochárstvo, skulptúra;neznačené;figurálna kompozícia
Majster Pavol z Levoče - dielňa autora;1515 - 1525;16. storočie, 1. polovica, 1516-1520;;z neznámeho oltára;4;3;P 2285;1.1.1987;;Buran, Dušan;drevo, lipové;"výška 80.0 cm; šírka 24.0 cm; hĺbka 17.0 cm";1.3.1987;Skulptúry z Hozelca - sv. Ladislav;Skulptúry z Hozelca - sv. Ladislav | Sv. Ladislav - kráľ;SNG;SVK:SNG.P_2285;"POZN: predtým SNG DP 133

Z rovnakého oltárneho celku pochádzajú diela SNG P 2284, 2286, 2287

LIT:
Glatz 1983, 134-138.";558/87;prevod;originál;DEF;"polychrómia; rezba; zlátenie";Slovenská národná galéria, SNG;sochárstvo, skulptúra;neznačené;figurálna kompozícia
Majster Pavol z Levoče - dielňa autora;1515 - 1525;16. storočie, 1. polovica, 1516-1520;;z neznámeho oltára z Hozelca;4;3;P 2286;1.1.1987;;Buran, Dušan;drevo, lipové;"výška 76.5 cm; šírka 23.0 cm; hĺbka 14.0 cm";1.3.1987;Skulptúry z Hozelca - sv. Imrich - knieža;Skulptúry z Hozelca - sv. Imrich - knieža | Sv. Imrich - knieža;SNG;SVK:SNG.P_2286;"POZN: predtým SNG DP 134

Z rovnakého oltárneho celku pochádzajú diela SNG P 2284, 2285, 2287

LIT:
Glatz 1983, 134-138.";559/87;prevod;originál;DEF;"polychrómia, zvyšky; rezba; zlátenie";Slovenská národná galéria, SNG;sochárstvo, skulptúra;neznačené;figurálna kompozícia
Majster Pavol z Levoče - dielňa autora;1515 - 1525;16. storočie, 1. polovica, 1516-1520;;z neznámeho oltára v Hozelci;4;1;P 2287;1.1.1987;;Buran, Dušan;drevo, lipové;"výška 115.0 cm; šírka 34.0 cm; hĺbka 26.0 cm";1.3.1987;Skulptúry z Hozelca - Bolestný Kristus;"Skulptúry z Hozelca - Bolestný Kristus | Man of Sorrows rom Hozelec (Preklad názvu); ";SNG;SVK:SNG.P_2287;"POZN: predtým SNG DP 135

Z rovnakého oltárneho celku pochádzajú diela SNG P 2284, 2285, 2286

Lit:
Glatz 1983, 134-138
Kat. Paris 2010, 84 (D. Buran)
111 diel zo zbierok. Slovenská národná galéria. Bratislava : SNG, Vyd. Slovart, 2008. 277 s. ISBN 9788080856014(viaz.), 64-65.";560/87;prevod;originál;DEF;"polychrómia; rezba; zlátenie";Slovenská národná galéria, SNG;sochárstvo, skulptúra;;figurálna kompozícia
Spišský rezbár;1490 - 1510;15.-16. storočie, prelom, 1500 okolo;;neznámy oltár v Pikovciach;3;1;P 2288;1.1.1987;;Buran, Dušan;drevo, lipové;"s podstavcom: výška 91.5 cm; skulptúra: výška 80.5 cm; šírka 21.0 cm; ";1.3.1987;Sv. Helena z mariánskeho oltára v Pikovciach;Sv. Helena z mariánskeho oltára v Pikovciach | Svätá Helena cisárovna z Pikoviec;SNG;SVK:SNG.P_2288;"POZN: predtým   SNG X 309, SNG DP 131,  
K rovnakému retabulu patrila aj sv. Katarína (SNG P 2289) a sv. Barbora (VSM Košice S 176).
LIT:
Glatz 1983, 126-128.
Kat. Košice 1995, 59-60 (A. Glatz).
Kat. Paris 2010, 56 (D. Buran).";561/87;prevod;originál;DEF;"polychrómia; rezba; zlátenie";Slovenská národná galéria, SNG;sochárstvo, skulptúra;neznačené;figurálna kompozícia
Spišský rezbár;1490 - 1510;15.-16. storočie, prelom, 1500 okolo;;neznámy oltár v Pikovciach;3;2;P 2289;1.1.1987;;Buran, Dušan;drevo, lipové;"výška 76.5 cm; šírka 19.0 cm";1.3.1987;Sv. Katarína z mariánskeho oltára v z Pikalovciach;Sv. Katarína z mariánskeho oltára v z Pikalovciach | Sv. Katarína z Pikoviec (Predchádzajúci názov);SNG;SVK:SNG.P_2289;"POZN: predtým SNG X 308,  SNG DP 132, 
K rovnakému retabulu patrila aj sv. Helena (SNG P 2288) a sv. Barbora (VSM Košice S 176).
LIT:
Glatz 1983, 126-128.
Kat. Košice 1995, 59-60 (A. Glatz).
Kat. Paris 2010, 56 (D. Buran).";562/87;prevod;originál;DEF;"polychrómia; rezba; zlátenie";Slovenská národná galéria, SNG;sochárstvo, skulptúra;neznačené;figurálna kompozícia
Vogerle, Martin - pravdepodobne;1735 - 1745;18. storočie, 1700-1800;12.5.1988;;;;P 2348;1.1.1989;184. NK;Chmelinová, Katarína;drevo;"výška 50.0 cm; šírka 26.0 cm; hĺbka 15.0 cm";12.5.1988;Immaculata;Immaculata;SNG;SVK:SNG.P_2348;POZN:;431/88;kúpa;originál;DEF;"polychrómia; rezba";Slovenská národná galéria, SNG;sochárstvo, skulptúra;neznačené;
Messerschmidt, František Xaver;1777 - 1783;18. storočie, 2. polovica, 1770-1783;;charakterové hlavy;;;P 2504;;;Chmelinová, Katarína;"kov, cín; kov, olovo";"výška 42.0 cm; šírka 23.0 cm; hĺbka 24.5 cm";17.12.1989;Charakterová hlava 43;"Charakterová hlava 43 | Závažné tajomstvo (Názov určený majiteľom); Character Head 43 (Preklad názvu)";SNG;SVK:SNG.P_2504;POZN: Odliatok pochádza z roku 1989.;;;odliatok;;"odlievanie; patinovanie";Slovenská národná galéria, SNG;sochárstvo, plastika;;
Messerschmidt, František Xaver;1770 - 1783;18. storočie, 2. polovica, 1770-1783;;charakterové hlavy;;;P 2505;;;Chmelinová, Katarína;"kov, cín; kov, olovo";"výška : výška 37.0 cm; šírka 24.0 cm; hĺbka 28.5 cm";17.12.1989;Charakterová hlava 39;"Charakterová hlava 39 | Pokrytec a ohovárač (Názov určený majiteľom); Character Head 39 (Preklad názvu)";SNG;SVK:SNG.P_2505;POZN: Odliatok pochádza z roku 1989.;;;odliatok;;"odlievanie; patinovanie";Slovenská národná galéria, SNG;sochárstvo, plastika;;
Neznámy rezbár;1735 - 1745;18. storočie, 1. polovica, 1730 okolo;3.12.1990;z oltárnej kompozície - pendant k postave biskupa sv. Ambroža;;;P 2567;1.1.1990;197. NK;Chmelinová, Katarína;drevo;"výška 149.0 cm; 54: šírka 54.0 cm; hĺbka 53.0 cm";3.12.1990;Sv. Augustín - biskup;Sv. Augustín - biskup;SNG;SVK:SNG.P_2567;POZN:;743/90;kúpa;originál;DEF;"polychrómia; rezba; zlátenie";Slovenská národná galéria, SNG;sochárstvo, skulptúra;neznačené;
Neznámy rezbár;1720 - 1740;18. storočie, 1. polovica, 1730 okolo;3.12.1990;z oltárnej kompozície - pendant k postave sv. Augustína;;;P 2568;1.1.1990;197. NK;Chmelinová, Katarína;drevo;"výška 155.0 cm; šírka 50.0 cm; hĺbka 46.0 cm";3.12.1990;Sv. Ambróz ? - biskup;Sv. Ambróz ? - biskup;SNG;SVK:SNG.P_2568;POZN:;744/90;kúpa;originál;DEF;"rezba; zlátenie; polychrómia, inkarnát";Slovenská národná galéria, SNG;sochárstvo, skulptúra;neznačené;figurálny motív
Messerschmidt, František Xaver;1777 - 1783;18. storočie, 2. polovica, 1770-1783;;kolekcia charakterových hláv;;;P 2573;1.1.1990;;Chmelinová, Katarína;"kov, olovo, legované; kov, cín";"výška 47.5 cm; šírka 23.0 cm; hĺbka 26.0 cm";1.1.1990;Charakterová hlava 22;"Charakterová hlava 22 | Character Head 22 (Preklad názvu); Šľachetný (Názov určený majiteľom)";SNG;SVK:SNG.P_2573;POZN: odliate z host. sadrového modelu r. 1990,;;;odliatok;DEF;"liatie; patinovanie";Slovenská národná galéria, SNG;sochárstvo, plastika;vytlačené číslo 22;portrét
Neznámy rezbár;1700 - 1710;18. storočiš, začiatok;9.10.1991;;;;P 2574;;"198. NK;     fa 039/91";Chmelinová, Katarína;drevo;"výška 43.0 cm; šírka 16.0 cm; hĺbka 13.0 cm";17.10.1991;Assumpta (štúdia);Assumpta (štúdia) | Madona s Ježiškom na polmesiaci (Predchádzajúci názov);SNG;SVK:SNG.P_2574;;24/91;kúpa;originál;DEF;"polychrómia; rezba";Slovenská národná galéria, SNG;sochárstvo, skulptúra;;
Stredoeurópsky rezbár;1501 - 1525;16. storočie, začiatok;28.11.1994;súčasť oltára;;;P 2628;1.1.1995;209. NK;Buran, Dušan;drevo, lipové;"výška 93.5 cm; šírka 27.0 cm; hĺbka 20.0 cm";28.11.1994;Sv. Peter Apoštol;Sv. Peter Apoštol;SNG;SVK:SNG.P_2628;POZN: ;6/95;kúpa;originál;;"polychrómia; rezba";Slovenská národná galéria, SNG;sochárstvo, skulptúra;;
Neznámy rezbár;1510 - 1530;16. storočie, 1. polovica, 1520 okolo;;súčasť krídlového oltára;;;P 2633;1.1.1996;;Buran, Dušan;drevo, lipové;"výška 96.0 cm; šírka 95.0 cm";16.12.1996;Smrť Panny Márie z Chrenovca;Smrť Panny Márie z Chrenovca;SNG;SVK:SNG.P_2633;"POZN: 

Lit.:
Glatz 1980, 120-125
Kat. Paris 2010, 90 (D. Buran)";22/96;prevod;originál;DEF;"zlátenie; rezba; polychrómia";Slovenská národná galéria, SNG;sochárstvo, reliéf;Neznačené: ;
Stredoeurópsky sochár;1751 - 1800;18. storočie, 2. polovica, po 1709;14.7.2005;;;;P 2697;1.1.2005;NK;Chmelinová, Katarína;drevo;"výška 137.0 cm; šírka 90.5 cm; hĺbka 31.0 cm; výška 170.0 cm; šírka 110.0 cm; hĺbka 31.0 cm";14.7.2005;Ukrižovaný Kristus (Morový krucifix);Ukrižovaný Kristus (Morový krucifix);SNG;SVK:SNG.P_2697;POZN: kúpna zmluva uzatvorená 26.9.2005;4/2005;kúpa;originál;;"rezba; polychrómia";Slovenská národná galéria, SNG;sochárstvo, skulptúra;neznačené;
Neznámy juhonemecký sochár;1490 - 1510;15.-16. storočie, prelom, 1500 okolo;;pôvodne súčasť predely gotického oltára;;;P 2700;1.1.2007;;Buran, Dušan;drevo, lipové;"výška 50.8 cm; šírka 45.4 cm; hĺbka 20.0 cm";19.6.2007;Imago Pietatis. Bolestný Kristus s Pannou Máriou a sv. Jánom Evanjelistom;Imago Pietatis. Bolestný Kristus s Pannou Máriou a sv. Jánom Evanjelistom | Imagio Pietatis (The Man of Sorrows with the Virgin Mary and St. John the Evangelist) (Preklad názvu);SNG;SVK:SNG.P_2700;"POZN: 

LIT: 
111 diel zo zbierok. Slovenská národná galéria. Bratislava : SNG, Vyd. Slovart, 2008. 277 s. ISBN 9788080856014(viaz.), 64.";3/2007;kúpa;originál;;"polychrómia, zvyšky; rezba";Slovenská národná galéria, SNG;sochárstvo, skulptúra, súsošie;neznačené;náboženský motív
Neznámy rezbár;1700 - 1750;18. storočie, polovica, 1740-1760;;pôvodne súčasť neznámeho oltárneho celku ;;;P 2702;19.12.2008;;Chmelinová, Katarína;drevo;"výška 99.0 cm; šírka 45.0 cm; hĺbka 31.0 cm";25.11.2008;Adorujúci anjel II.;Adorujúci anjel II. | Anjel II. (Predchádzajúci názov);SNG;SVK:SNG.P_2702;POZN: pendant P 2701;216/2008;kúpa;originál;DEF;"polychrómia; rezba; zlátenie";Slovenská národná galéria, SNG;sochárstvo, skulptúra;neznačené;náboženský motív
Spišský rezbár z konca 15. storočia - pravdepodobne;1470 - 1490;15. storočie, 2. polovica, 1480 okolo;;;;;P 2280;1.1.1987;;Buran, Dušan;drevo;"výška 31.0 cm; šírka 21.5 cm; hĺbka 15.0 cm";1.3.1987;Hlava Krista;"Hlava Krista | Veraikon; ";SNG;SVK:SNG.P_2280;"POZN: predtým SNG DP 126, 
Hlava Krista je primárnou rezbou z konca 15. storočia. Doska so štruktúrou látky - Veronikinej rúšky - je doplnkom z 18. storočia.
LIT:
Glatz 1983, 89-90.";553/87;prevod;originál;DEF;"polychrómia; rezba";Slovenská národná galéria, SNG;sochárstvo, skulptúra;neznačené;portrét
Palko, Franz Anton - pravdepodobne;1730 - 1750;18. storočie, 1. polovica, okolo 1740;;;;;O 88;1.1.1982;;Chmelinová, Katarína;plátno;"výška 68.2 cm; šírka 56.0 cm";28.3.1950;Portrét muža (Autoportrét);"Portrét muža (Autoportrét) | Portrait of a Man (Selfportrait) (Preklad názvu); Podobizeň muža (Predchádzajúci názov)";SNG;SVK:SNG.O_88;"
pôvodne ako Kupecký: Portret muža (Autoportrét), pred 1710

LIT:
111 diel zo zbierok. Slovenská národná galéria. Bratislava : SNG, Vyd. Slovart, 2008. 277 s. ISBN 9788080856014(viaz.), 107-108.";10;prevod;originál;DEF;olej;Slovenská národná galéria, SNG;maliarstvo;vpravo dole: Kupetzký .....1709-dodatočne nezreteľne;autoportrét
Neznámy rezbár;1700 - 1750;18. storočie, polovica, 1740-1760;;pôvodne súčasť neznámeho oltárneho celku ;;;P 2701;19.12.2008;;Chmelinová, Katarína;drevo;"výška 90.0 cm; šírka 45.0 cm; hĺbka 36.0 cm";25.11.2008;Adorujúci anjel I.;Adorujúci anjel I. | Anjel I. (Predchádzajúci názov);SNG;SVK:SNG.P_2701;POZN: pendant P 2702;215/2008;kúpa;originál;DEF;"polychrómia; rezba; zlátenie";Slovenská národná galéria, SNG;sochárstvo, skulptúra;neznačené;náboženský motív
Stredoeurópsky maliar;1700 - 1750;18. storočie, 1. polovica, 1700-1750;15.10.1980;;;;O 5745;1.1.1981;143. NK;Chmelinová, Katarína;plátno;"výška 60.3 cm; šírka 45.4 cm";15.10.1980;Sv. Ján Nepomucký. Mlčiaci spovedník  ;"Sv. Ján Nepomucký. Mlčiaci spovedník   | Svätý Alojz ? (Predchádzajúci názov); St. John of Nepomuk. Silent Witness (Preklad názvu)";SNG;SVK:SNG.O_5745;POZN: ;22990;kúpa;originál;DEF;olej;Slovenská národná galéria, SNG;maliarstvo;neoznačené;portrét
Neznámy rezbár;1480 - 1500;15. storočie, 2. polovica, 1490 okolo;1.1.1964;pôvodne súčasť oltára z Kremnice;;;P 766;1.1.1982;55. NK;Buran, Dušan;drevo, lipové;"výška 74.0 cm; šírka 24.5 cm; hĺbka 19.0 cm";1.1.1964;Madona z Kremnice;"Madona z Kremnice | Madona z Kremnice III.; Madona s Ježiškom (Predchádzajúci názov)";SNG;SVK:SNG.P_766;POZN:;4566;kúpa;originál;DEF;"polychrómia; rezba; zlátenie";Slovenská národná galéria, SNG;sochárstvo, skulptúra;neznačené;figurálna kompozícia
Neznámy sochár;1690 - 1710;18. storočie, 1. polovica, 1700-1750;;;;;P 1875;1.1.1982;;Chmelinová, Katarína;kameň, pieskovec;"šírka 162.0 cm; výška 80.0 cm; hĺbka 65.0 cm";11.10.1976;Sv. Hieronym;Sv. Hieronym;SNG;SVK:SNG.P_1875;POZN: ;;prevod;originál;DEF;"polychrómia; sekanie";Slovenská národná galéria, SNG;sochárstvo, skulptúra;neznačené;figurálny motív
Donner, Georg Raphael - okruh autora;1701 - 1800;18. storočie;16.11.1978;;;;P 1950;1.1.1989;128. NK;Chmelinová, Katarína;kameň, pieskovec;"výška 230.0 cm; šírka 80.0 cm; hĺbka 77.0 cm";16.11.1978;Sv. Pavol pustovník;"Sv. Pavol pustovník | Sv. Pavol Pustovník ; St. Paul the Hermit (Preklad názvu); Sv. Pavol Eremita (Predchádzajúci názov)";SNG;SVK:SNG.P_1950;"POZN: výška s volútovým podstavcom 230 cm 

LIT:
111 diel zo zbierok. Slovenská národná galéria. Bratislava : SNG, Vyd. Slovart, 2008. 277 s. ISBN 9788080856014(viaz.), 114-115.";19839;kúpa;originál;DEF;sekanie;Slovenská národná galéria, SNG;sochárstvo, skulptúra;;
Donner, Georg Raphael - okruh autora;1701 - 1800;18. storočie;16.11.1978;;;;P 1949;1.1.1989;128. NK;Chmelinová, Katarína;kameň, pieskovec;"výška 230.0 cm; šírka 83.0 cm; hĺbka 77.0 cm";16.11.1978;Sv. Anton Veľký;Sv. Anton Veľký | Sv. Anton Pustovník (Predchádzajúci názov);SNG;SVK:SNG.P_1949;POZN: ;19838;kúpa;originál;DEF;sekanie;Slovenská národná galéria, SNG;sochárstvo, skulptúra;;
Stredoeurópsky maliar | Dürer, Albrecht - autor predlohy;1516 - 1526;16. storočie, 1. polovica, 1500-1525;;;;;O 332;;;Buran, Dušan;drevo;"výška 76.8 cm; šírka 51.8 cm";1.1.1950;Madona na polmesiaci;"Madona na polmesiaci | Madonna (Preklad názvu); Madona (Predchádzajúci názov)";SNG;SVK:SNG.O_332;"LIT.:
GLATZ 1983, 164-165.

Podľa medirytiny Albrechta Dürera Madona s hviezdnou korunou (B 22) z roku 1516.";10/473;prevod;originál;DEF;"tempera; zlátenie";Slovenská národná galéria, SNG;maliarstvo;neznačené;náboženský motív
Messerschmidt, František Xaver;1777 - 1783;18. storočie, 2. polovica, 1770-1783;;;;;P 2310;1.1.1987;;Chmelinová, Katarína;kov, olovo, legované;"výška 44.5 cm; šírka 23.0 cm; hĺbka 23.0 cm";;Charakterová hlava 3;"Charakterová hlava 3 | Posmechár (Predchádzajúci názov); Bezočivý posmešník (Názov určený majiteľom)";SNG;SVK:SNG.P_2310;POZN: Odliate podľa sádrového modelu: P.Hřebíček 1985;67/1989;;odliatok;DEF;"patinovanie; liatie";Slovenská národná galéria, SNG;sochárstvo, plastika, busta;neznačené;
